140607	"Star Wars: The Force Awakens"	en	2015-12-18	28|12|878|14	false
105864	"The Good Dinosaur"	en	2015-11-25	14|16|35|10751|12	false
347969	"The Ridiculous 6"	en	2015-12-11	37|35	false
281957	"The Revenant"	en	2015-12-25	37|18|12|53	false
312221	"Creed"	en	2015-11-25	18	false
227973	"The Peanuts Movie"	en	2015-12-24	35|16|10751|12	false
273248	"The Hateful Eight"	en	2015-12-25	37	false
205775	"In the Heart of the Sea"	en	2015-12-11	12|18|28	false
309809	"Le Petit Prince"	fr	2015-12-24	12|14|16	false
365348	"Normal"	en	2015-12-05	18|27	false
257088	"Point Break"	en	2015-12-24	80|28|53	false
258480	"Carol"	en	2015-11-20	10749|18	false
274479	"Joy"	en	2015-12-25	35|18|36	false
287903	"Krampus"	en	2015-12-04	27|35|14	false
274167	"Daddy's Home"	en	2015-12-25	35	false
321741	"Concussion"	en	2015-12-25	18	false
258509	"Alvin and the Chipmunks: The Road Chip"	en	2015-12-18	16|35|10751|12	false
370665	"Dilwale"	en	2015-12-18	10749|28|35|80|18|10751|10402	false
299824	"鬼吹灯之寻龙诀"	zh	2015-12-18	12|28	false
266294	"Sisters"	en	2015-12-18	10751|35	false
318846	"The Big Short"	en	2015-12-12	18	false
366018	"A Christmas Melody"	en	2015-12-19	10749|10402|10770|35	false
314388	"Shan He Gu Ren"	zh	2015-12-23	18	false
362045	"Bajirao Mastani"	hi	2015-12-18	10752|36|10749	false
372631	"Marvel Super Hero Adventures: Frost Fight!"	en	2015-12-15	16|14	false
270774	"Skiptrace"	en	2015-12-24	28|35	false
361403	"Ich bin dann mal weg"	de	2015-12-24	35	false
371827	"Professor Branestawm Returns"	en	2015-12-24		false
371822	"We're Doomed! The Dad's Army Story"	en	2015-12-22		false
369054	"Christmas Land"	en	2015-12-20	10751	false
373321	"Rise of the Footsoldier Part II"	en	2015-12-12	80	false
293646	"The 33"	en	2015-11-13	36|18	false
367778	"Gethu"	ta	2015-12-24	10749|28|35	false
369819	"Sowkarpettai"	ta	2015-12-24	18|27|35|10749	false
359538	"Le Fantôme de Canterville"	fr	2015-12-23	14|35	false
371029	"Soda : Le rêve américain"	fr	2015-12-23		false
366566	"Le Grand Partage"	fr	2015-12-23	35	false
373534	"The Sound of Music Live!"	en	2015-12-20	18|10402	false
373558	"Taylor Swift: The 1989 World Tour - Live"	en	2015-12-20	99|10402	false
357940	"老炮儿"	zh	2015-12-24	28	false
367778	"Gethu"	ta	2015-12-24	10749|28|35	false
369819	"Sowkarpettai"	ta	2015-12-24	18|27|35|10749	false
359538	"Le Fantôme de Canterville"	fr	2015-12-23	14|35	false
371029	"Soda : Le rêve américain"	fr	2015-12-23		false
366566	"Le Grand Partage"	fr	2015-12-23	35	false
373534	"The Sound of Music Live!"	en	2015-12-20	18|10402	false
373558	"Taylor Swift: The 1989 World Tour - Live"	en	2015-12-20	99|10402	false
357940	"老炮儿"	zh	2015-12-24	28	false
373951	"Masha i Medved"	it	2015-12-23	16|35|10751	false
365966	"Bruder vor Luder"	de	2015-12-24	35	false
369823	"Hello Naan Pei Pesuren"	ta	2015-12-24	18|35|27|10749	false
373976	"The PHD Movie 2"	en	2015-12-23	35	false
364877	"Hello I Am David!"	en	2015-12-24	10402|99	false
373784	"Walang Forever"	en	2015-12-25	18|10749|35	false
373786	"Nilalang"	en	2015-12-25	53|27	false
373778	"Buy Now, Die Later"	en	2015-12-25	53|27|35	false
370687	"Mythica: The Necromancer"	en	2015-12-19		false
370729	"Yellow Day"	en	2015-12-25	14|18|10751	false
372272	"The Family: Tarmouth"	en	2015-12-26	35|80|53	false
336587	"La cerillera"	es	2015-12-24		false
306819	"The Danish Girl"	en	2015-11-27	18	false
364067	"A Very Murray Christmas"	en	2015-12-04	35|10402	false
373785	"Sans filtre"	fr	2015-12-22	35	false
78850	"Vettai Mannan"	ta	2015-12-25	28	false
370646	"Sherlock: The Abominable Bride"	en	2016-01-01	18|9648|28|80	false
373798	"Wesley Safadão & Garota Vip"	pt	2015-12-22	10402	false
364023	"Pasanga 2"	ta	2015-12-25	35|18|10751	false
371624	"Frauen"	de	2015-12-24	35	false
373536	"Joe and Caspar Hit The Road"	en	2015-12-20		false
315056	"Die weiße Schlange"	de	2015-12-24		false
287861	"Toro Loco: Sangriento"	en	2015-12-25	28|12|35	false
371759	"Doctor Who - The Husbands of River Song"	en	2015-12-25		false
362090	"The Adventure of Ben & Holly Movie:Jet Fuel Formula"	en	2015-12-25	28|12|16|35|10751	false
296100	"The Night Before"	en	2015-11-25	35	false
373352	"Mrs. Scooter"	hi	2015-12-20	18	false
363978	"Ko 2"	en	2015-12-25		false
369376	"Karai Oram"	en	2015-12-25	53	false
287982	"VHS Massacre"	en	2015-12-25		false
320912	"Idam Porul Yaeval"	en	2015-12-25	28|18|35|10749	false
373196	"Devil And Angel (E Gun Tian Shi)"	en	2015-12-24		false
367544	"The Spirit of Christmas"	en	2015-12-19		false
369214	"Leftovers"	en	2015-12-25	18	false
330419	"Indrajith"	ta	2015-12-25		false
280154	"Vaa Deal"	en	2015-12-25	10749|28	false
330406	"Narathan"	ta	2015-12-25	28|35|10749	false
373398	"UFC on Fox: dos Anjos vs. Cerrone 2"	en	2015-12-19		false
366148	"Jil Jung Juk"	ta	2015-12-25	10749|35|53|28	false
373572	"Lluc Skywalker"	es	2015-12-21	35	false
373638	"Bruno & Marrone - Multishow Ao Vivo 2015"	pt	2015-12-21	10402	false
371736	"Imagine: John Lennon 75th Birthday Concert"	en	2015-12-19	10770|10402	false
373564	"Beauty and the Bestie"	en	2015-12-25	18|28|35	false
364565	"Hans im Glück"	de	2015-12-25	14	false
371828	"Peter & Wendy"	en	2015-12-26		false
367551	"American Hero"	en	2015-12-11	878|28|35	false
371758	"And Then There Were None"	en	2015-12-26	9648|18	false
348634	"A Christmas Detour"	en	2015-12-01	10770|10749	false
372981	"Marco Polo: One Hundred Eyes"	en	2015-12-26		false
290751	"Secret in Their Eyes"	en	2015-11-20	53|9648|80|18	false
372836	"万万没想到"	zh	2015-12-18		false
291270	"Anomalisa"	en	2015-12-30	14|16|35	false
370606	"Four Falls of Buffalo"	en	2015-12-12	99	false
323694	"Nina Forever"	en	2015-12-01	27|10749|35	false
369052	"Debbie Macomber's Dashing Through the Snow"	en	2015-12-13	10751	false
371718	"Dolly Parton's Coat of Many Colors"	en	2015-12-10	18|10770	false
367546	"Le Grand jeu"	en	2015-12-16	53|18	false
373057	"Toto"	en	2015-12-17	18|35	false
347669	"Incidencias"	es	2015-12-18		false
334304	"Belle et Sébastien, l'aventure continue"	fr	2015-12-09	10751	false
373840	"Star Wars: The Premake"	en	2015-12-18		false
369061	"A Christmas Reunion"	en	2015-12-13		false
309425	"Do You Believe?"	en	2015-12-21	18	false
174751	"Jane Got a Gun"	en	2015-11-25	28|18|37	false
373312	"Sparks & Embers"	en	2015-12-18		false
366631	"On the Twelfth Day of Christmas"	en	2015-12-12	10751|10770	false
364690	"Natural Selection"	en	2015-12-12	18	false
371307	"Il professor Cenerentolo"	en	2015-12-07	35	false
360080	"Un día vi 10.000 elefantes"	es	2015-12-18	99	false
373162	"The Nesting"	en	2015-12-19	27|53	false
370455	"One Punch Man OVA"	en	2015-12-04		false
337260	"Julekongen: Full Rustning"	no	2015-11-13	12|14	false
373050	"ARI: My Life with a King"	en	2015-12-17	18	false
280115	"Anjala"	en	2015-12-24	10749|28|18	false
372473	"Days Like These"	en	2015-12-15	18|53	false
371442	"Bad Roomies"	en	2015-12-01	35	false
373054	"Tandem"	en	2015-12-17	53|18|80|28	false
271404	"Beyond Skyline"	en	2015-12-11	28|878	false
373059	"Turo Turo"	en	2015-12-17	18	false
345637	"Sanjay's Super Team"	en	2015-11-25	16	false
360603	"Crown for Christmas"	en	2015-11-27	10770	false
370416	"Snervous Tyler Oakley"	en	2015-12-11	99	false
368256	"Condemned"	en	2015-11-13	27	false
372717	"Book Club"	en	2015-12-15	99	false
339543	"Northpole: Open for Christmas"	en	2015-11-21	10751|10770|14	false
371533	"I Have A Bad Feeling About This"	en	2015-12-15	878|35	false
371440	"Delirium"	en	2015-12-15	27	false
364005	"Horror Bizarre: Ghost Hotel"	en	2015-12-15	27|53	false
370783	"Crying Wolf"	en	2015-12-12	35|27	false
371476	"A Dog for Christmas"	en	2015-12-12		false
373879	"One Piece: Adventure of Nebulandia"	en	2015-12-19		false
373053	"Mandirigma"	en	2015-12-17	18|28	false
347669	"Incidencias"	es	2015-12-18		false
334304	"Belle et Sébastien, l'aventure continue"	fr	2015-12-09	10751	false
373840	"Star Wars: The Premake"	en	2015-12-18		false
369061	"A Christmas Reunion"	en	2015-12-13		false
309425	"Do You Believe?"	en	2015-12-21	18	false
174751	"Jane Got a Gun"	en	2015-11-25	28|18|37	false
373312	"Sparks & Embers"	en	2015-12-18		false
366631	"On the Twelfth Day of Christmas"	en	2015-12-12	10751|10770	false
364690	"Natural Selection"	en	2015-12-12	18	false
371307	"Il professor Cenerentolo"	en	2015-12-07	35	false
360080	"Un día vi 10.000 elefantes"	es	2015-12-18	99	false
373162	"The Nesting"	en	2015-12-19	27|53	false
370455	"One Punch Man OVA"	en	2015-12-04		false
373050	"ARI: My Life with a King"	en	2015-12-17	18	false
280115	"Anjala"	en	2015-12-24	10749|28|18	false
372473	"Days Like These"	en	2015-12-15	18|53	false
371442	"Bad Roomies"	en	2015-12-01	35	false
373054	"Tandem"	en	2015-12-17	53|18|80|28	false
271404	"Beyond Skyline"	en	2015-12-11	28|878	false
373059	"Turo Turo"	en	2015-12-17	18	false
373054	"Tandem"	en	2015-12-17	53|18|80|28	false
370787	"Rite"	en	2015-12-30	12|18|27|53	false
364468	"Seahorse"	en	2015-12-30	35	false
271404	"Beyond Skyline"	en	2015-12-11	28|878	false
373059	"Turo Turo"	en	2015-12-17	18	false
345637	"Sanjay's Super Team"	en	2015-11-25	16	false
360603	"Crown for Christmas"	en	2015-11-27	10770	false
370416	"Snervous Tyler Oakley"	en	2015-12-11	99	false
366654	"조선마술사"	ko	2015-12-30	36|10749|18	false
372717	"Book Club"	en	2015-12-15	99	false
352084	"G.O.D. Tech"	en	2015-12-30	53|12	false
339543	"Northpole: Open for Christmas"	en	2015-11-21	10751|10770|14	false
371533	"I Have A Bad Feeling About This"	en	2015-12-15	878|35	false
371440	"Delirium"	en	2015-12-15	27	false
364005	"Horror Bizarre: Ghost Hotel"	en	2015-12-15	27|53	false
370783	"Crying Wolf"	en	2015-12-12	35|27	false
369772	"Je compte sur vous"	fr	2015-12-30	53|35|18	false
345469	"Gaz de France"	en	2015-12-30	878|35	false
371476	"A Dog for Christmas"	en	2015-12-12		false
373879	"One Piece: Adventure of Nebulandia"	en	2015-12-19		false
373053	"Mandirigma"	en	2015-12-17	18|28	false
372713	"City of Vultures"	en	2015-12-10	18|28|80	false
373153	"Love You To Death: A Year of Domestic Violence"	en	2015-12-16		false
372572	"Christmas Presence"	en	2015-12-14	27	false
373462	"Nuhr 2015 - Der Jahresrückblick"	de	2015-12-17	35	false
369060	"Christmas Truce"	en	2015-12-12		false
369689	"Some Nights"	en	2015-12-14		false
371347	"Marc Maron: More Later"	en	2015-12-04	35	false
333387	"The Wannabe"	en	2015-12-04	53|9648|80|18	false
352342	"Les Saisons"	fr	2015-12-16	99	false
369059	"How Sarah Got Her Wings"	en	2015-12-06		false
367536	"A Gift Wrapped Christmas"	en	2015-11-28	18|10751	false
300153	"Life"	en	2015-12-04	18	false
369820	"I'm Brent Morin"	en	2015-12-01	35	false
372115	"UFC Fight Night: Namajunas vs. VanZant"	en	2015-12-10		false
372509	"Did You See That?"	en	2015-12-14	35|53|18	false
371573	"Home And Away - An Eye for an Eye"	en	2015-12-09		false
336888	"Astronauter og filmstjerner"	en	2015-12-16	18|35	false
366622	"U2: iNNOCENCE + eXPERIENCE Live in Paris"	en	2015-12-07	99|10402	false
277713	"Sunset Song"	en	2015-12-04	18	false
353311	"The Wiz Live"	en	2015-12-03	10402	false
373311	"TV Total - Das Beste Aus 2015"	de	2015-12-15		false
350849	"La novia"	en	2015-12-11	18|10749	false
372692	"El Ultimo Lonco"	es	2015-12-15	18	false
370676	"Dolly Parton's Coat Of Many Colors"	en	2015-12-10		false
355138	"Joseph DiDonato: The E.N.D Tour"	en	2015-12-12	10751|99|10402	false
345470	"Hector"	en	2015-12-11	18	false
372683	"Distancia"	es	2015-12-15	18	false
345454	"Mapla Singam"	ta	2015-12-09	28|35|10749	false
362141	"Köpek"	en	2015-12-10	18	false
291356	"In a Valley of Violence"	en	2015-12-04	53|37|28	false
369058	"Merry Kissmas"	en	2015-12-05		false
363152	"Bengal Tiger"	en	2015-12-10	10749|28|35	false
363478	"I'm Not Ready for Christmas"	en	2015-11-14	10751|10770	false
369064	"A Baby for Christmas"	en	2015-12-13		false
372477	"Frank Sinatra - Die Stimme Amerikas"	de	2015-12-14	99	false
367523	"Helene Fischer - Weihnachten - Live aus der Hofburg Wien"	de	2015-12-04	10402	false
368342	"Mordkommission Berlin 1"	de	2015-12-01	80	false
371889	"The Crazy Adventure Movie"	en	2015-12-11	12|35	false
284271	"Endurance: The Story of Ernest Shackleton"	en	2015-11-21	36|28|12|18	false
373758	"Single"	en	2015-12-17	18|35	false
367538	"The Flight Before Christmas"	en	2015-12-05	10770	false
157443	"Silent Night of the Living Dead"	en	2015-12-09		false
352025	"Un plus une"	fr	2015-12-09	35	false
372689	"Waiting"	en	2015-12-11		false
366885	"Publieke Werken"	nl	2015-12-10	18	false
371874	"Tsatsiki, farsan och olivkriget"	sv	2015-12-11	10751|35	false
373960	"Pension Complète"	fr	2015-12-30	35	false
283591	"The Secret Scripture"	en	2015-12-11	18	false
371804	"The Unkindness of Ravens"	en	2015-12-09		false
372337	"Trailer Park Boys: Drunk, High and Unemployed: Live In Austin"	en	2015-12-09	35	false
293413	"내부자들"	ko	2015-11-19	18|80	false
373901	"Wirtz - Auf die Plätze fertig los! Live in Berlin 2015"	de	2015-12-18	10402	false
369306	"Deathly Presents"	en	2015-12-14	27	false
372865	"Our Guy in Latvia"	en	2015-12-14		false
373477	"The Legend Of Wasco"	en	2015-12-15	27	false
353311	"The Wiz Live"	en	2015-12-03	10402	false
373311	"TV Total - Das Beste Aus 2015"	de	2015-12-15		false
350849	"La novia"	en	2015-12-11	18|10749	false
372692	"El Ultimo Lonco"	es	2015-12-15	18	false
370676	"Dolly Parton's Coat Of Many Colors"	en	2015-12-10		false
355138	"Joseph DiDonato: The E.N.D Tour"	en	2015-12-12	10751|99|10402	false
345470	"Hector"	en	2015-12-11	18	false
372683	"Distancia"	es	2015-12-15	18	false
345454	"Mapla Singam"	ta	2015-12-09	28|35|10749	false
362141	"Köpek"	en	2015-12-10	18	false
291356	"In a Valley of Violence"	en	2015-12-04	53|37|28	false
369058	"Merry Kissmas"	en	2015-12-05		false
363152	"Bengal Tiger"	en	2015-12-10	10749|28|35	false
369064	"A Baby for Christmas"	en	2015-12-13		false
372477	"Frank Sinatra - Die Stimme Amerikas"	de	2015-12-14	99	false
367523	"Helene Fischer - Weihnachten - Live aus der Hofburg Wien"	de	2015-12-04	10402	false
368342	"Mordkommission Berlin 1"	de	2015-12-01	80	false
371889	"The Crazy Adventure Movie"	en	2015-12-11	12|35	false
284271	"Endurance: The Story of Ernest Shackleton"	en	2015-11-21	36|28|12|18	false
331836	"Babysitting 2"	fr	2015-12-02	35	false
371779	"Feelings Are Facts: The Life of Yvonne Rainer"	en	2015-12-12		false
372906	"Star Wars: A Definitive History"	en	2015-12-11	99	false
366630	"The Bridge"	en	2015-12-06	10770	false
372511	"Tohu Bohu"	es	2015-12-14		false
371068	"This Was Tomorrow"	en	2015-12-01	10402	false
373433	"Chica Muerte vs. Niño Cuchillo"	es	2015-12-15		false
324807	"A Bigger Splash"	en	2015-11-26	9648|80|18	false
372855	"Kubanisch für Fortgeschrittene"	de	2015-12-13	35|10751	false
363085	"O Leão da Estrela"	pt	2015-11-26	35	false
332083	"Urumeen"	en	2015-12-04	28|14|53	false
369165	"The Ties That Bind"	en	2015-11-27		false
373804	"\"Mein Kampf\". Das gefährliche Buch"	de	2015-12-15	99	false
310568	"Sangailės vasara"	lt	2015-11-20	10749|18	false
359805	"21 nuits avec Pattie"	fr	2015-11-25	18	false
372252	"The Ultimate Fighter 22 Finale"	en	2015-12-11		false
334557	"踏血尋梅"	cn	2015-12-05	53	false
365118	"Moo Moo and the Three Witches"	en	2015-12-06	10751|12	false
372336	"10 Little Rubber Ducks"	en	2015-12-12	16	false
370651	"It's Your 50th Christmas Charlie Brown"	en	2015-11-30	99	false
370680	"Sugihara Chiune"	ja	2015-12-05		false
372470	"Queen's Mile"	en	2015-12-13	18	false
370984	"열정같은소리하고있네"	ko	2015-11-25	35	false
370854	"Toronah"	en	2015-12-04		false
365045	"Heidi"	de	2015-12-03	10751	false
367540	"Last Chance for Christmas"	en	2015-12-06	10751|10770	false
372490	"Swept Under"	en	2015-12-06	53|18|80	false
354785	"Matheus & Kauan Face A Face"	pt	2015-12-13	10402	false
372017	"Como un Sueño"	es	2015-12-11		false
357600	"Dara O Briain - Crowd Tickler"	en	2015-11-23	35	false
370822	"Angela Markado"	en	2015-12-02	53|18|28	false
362876	"Califórnia"	pt	2015-12-03	18	false
372944	"Bez stepenika"	sr	2015-12-12	18	false
369749	"Yu Qian Shi Wei"	zh	2015-11-23	28	false
370815	"J.R.R. Tolkien's The Hobbit"	en	2015-12-01	12|14	false
371690	"Rotor DR1"	en	2015-12-08	878|10751	false
348537	"Ocho apellidos catalanes"	es	2015-11-20	10749|35	false
370925	"Uncanny Valley"	en	2015-12-01	878|16	false
369927	"A Second Chance"	en	2015-11-25	18|10749	false
359171	"オレンジ"	en	2015-12-12		false
357400	"デジモンアドベンチャーtri.（トライ）第１章「再会"	ja	2015-11-21	12|16	false
370835	"Cold Deck"	en	2015-12-04	18|80	false
371003	"Kill Game"	en	2015-12-05	27	false
371492	"Demain"	fr	2015-12-02	99	false
370685	"Placebo - MTV Unplugged"	de	2015-11-27	10402	false
263486	"Machan"	si	2015-12-31	10749	false
260658	"Vizhithiru"	en	2015-12-31		false
280946	"Mappilai Vinayagar"	en	2015-12-31		false
356183	"Der Puppenspieler"	de	2015-12-31	36	false
360909	"Gorchlach: The legend of Cordelia"	it	2015-12-14	36|12|14	false
347386	"Treppe aufwärts"	de	2015-12-31	18	false
369057	"A Prince for Christmas"	en	2015-11-29	10749|10770	false
301502	"Blonde"	en	2016-01-01	18	false
339259	"HHHH"	en	2016-01-01	53|28|36	false
215059	"The Imagineering Story"	en	2016-01-01	99	false
372828	"El Sapo Pepe en las 4 estaciones"	es	2015-12-16	16	false
326285	"American Pastoral"	en	2016-01-01	18	false
353569	"Table 19"	en	2016-01-01	18|35	false
317560	"Carrie Pilby"	en	2016-01-01	35	false
363486	"Just in Time for Christmas"	en	2015-12-05	10751|14|10770|10749|18	false
370460	"In Memory of"	en	2016-01-01	27	false
327437	"Africa"	en	2016-01-01	18	false
300672	"Vincent-N-Roxxy"	en	2015-12-31	53|80|18	false
333370	"Lemonade"	en	2015-12-31	10749|35	false
336810	"Eggs and Soldiers"	en	2015-12-31	18	false
344034	"Monument 14"	en	2016-01-01	12|18|878	false
291984	"The Death and Life of John F. Donovan"	en	2016-01-01	18	false
291328	"Untitled Warren Beatty Project"	en	2016-01-01	18	false
340275	"Chi-Raq"	en	2015-12-04	10402|35|18	false
320683	"West of Her"	en	2016-01-01	18	false
348656	"Sensoria"	en	2015-12-31	53|18|27	false
373285	"Kylie Minogue - A Kylie Christmas Live at the Royal Albert Hall"	en	2015-12-11		false
333676	"The List"	en	2015-12-31	10749|35	false
302152	"Barton & Charlie & Checco & Bill"	en	2016-01-01		false
344036	"Shadow and Bone"	en	2016-01-01		false
320413	"The Greasy Strangler"	en	2016-01-01	27|53	false
373758	"Single"	en	2015-12-17	18|35	false
360389	"Nina"	en	2015-12-31	18	false
325150	"Housebound"	en	2016-01-01		false
79355	"Arjunan Kadhali"	ta	2015-12-31	18	false
334543	"Lion"	en	2015-12-31	18	false
349200	"Zero"	en	2015-12-31		false
356889	"The Great & The Small"	en	2016-01-01		false
367538	"The Flight Before Christmas"	en	2015-12-05	10770	false
373627	"The Send-Off"	en	2016-01-01	99	false
157443	"Silent Night of the Living Dead"	en	2015-12-09		false
315666	"Walking to Paris"	en	2015-12-31	18|12	false
329992	"Beyond Deceit"	en	2016-01-01	18|53	false
352548	"5th Passenger"	en	2015-12-31	878	false
351454	"Neruda"	en	2016-01-01		false
353571	"Tallulah"	en	2016-01-01	18	false
352025	"Un plus une"	fr	2015-12-09	35	false
324017	"The Master"	en	2016-01-01		false
341852	"VHS Dream II"	en	2016-01-01	99	false
358395	"Origin Story"	en	2015-12-31	99	false
353170	"The Claw"	en	2015-12-31	99	false
350600	"We Three Heathens"	en	2015-12-31		false
372689	"Waiting"	en	2015-12-11		false
366885	"Publieke Werken"	nl	2015-12-10	18	false
371874	"Tsatsiki, farsan och olivkriget"	sv	2015-12-11	10751|35	false
270780	"Mellisai"	ta	2015-12-31	53	false
349740	"Kanithan"	en	2015-12-31		false
302808	"Wrestling with Disaster"	en	2015-12-31	99	false
290079	"Paranormal Activity Security Squad"	en	2015-12-31		false
317091	"November Criminals"	en	2016-01-01	18|80	false
343411	"I Call First"	en	2015-12-10	18	false
371916	"Frankenstein 04155"	es	2015-12-10	99	false
371910	"En Granada es posible"	es	2015-12-10	99	false
371695	"Owen: Hart of Gold"	en	2015-12-08	99	false
348150	"Jim Henson’s Turkey Hollow"	en	2015-11-21	10770|35	false
360604	"Ice Sculpture Christmas"	en	2015-11-26	10749|10770	false
369982	"Mga Kwentong Tsubibo"	en	2015-11-28		false
372412	"Kreuz des Südens"	de	2015-12-11		false
369235	"Iqbal, a Tale of a Fearless Child"	it	2015-11-19	16|12|35|10751	false
367513	"Chemsex"	en	2015-11-23		false
366784	"Hallo Bungalow"	nl	2015-12-03	35	false
372488	"Noresore"	en	2015-12-05		false
366881	"Mega Mindy Versus ROX"	nl	2015-12-09	10751	false
371862	"Naira's Chance"	en	2015-12-09		false
371015	"Demning"	en	2015-12-04		false
357599	"Russell Kane Live"	en	2015-11-30		false
346616	"Tief durchatmen, die Familie kommt"	de	2015-12-01		false
365477	"Em Três Atos"	pt	2015-12-10		false
370260	"Dylan Moran: Off The Hook"	en	2015-11-30	35	false
371908	"Leone nel basilico"	it	2015-12-10		false
371927	"Cascadia"	fr	2015-12-10		false
348325	"Dummie de Mummie en de Sfinx van Shakaba"	nl	2015-12-10	10751	false
371082	"Bianca Del Rio's Rolodex of Hate"	en	2015-12-02	35	false
371511	"Pracht und Prunk an der Loire: Schloss Chambord"	de	2015-12-05	99	false
369665	"Trevor Noah: Lost In Translation"	en	2015-11-22	35	false
370334	"UFC Fight Night: Henderson vs. Masvidal"	en	2015-11-28		false
372720	"Party Animal"	en	2015-12-08		false
362620	"Olentzero eta Amilaren sekretua"	es	2015-12-04	10751|16	false
362383	"The Messenger"	en	2015-12-04		false
372355	"Kalo Pothi"	en	2015-12-09		false
333871	"Imba Means Sing"	en	2015-12-04	99	false
336681	"Morrer por Amor"	pt	2015-12-03	18	false
372449	"Bob's Broken Sleigh"	en	2015-12-01	16	false
370902	"Страна ОЗ"	ru	2015-12-03		false
371592	"Red Hood: The Fallen"	en	2015-11-27		false
372049	"My Friend's Wife"	en	2015-12-03		false
369359	"The Dark Conflict"	en	2015-11-27	53	false
361751	"Murder, She Baked: A Plum Pudding Murder Mystery"	en	2015-11-22	10770|9648	false
370381	"Bullets for the Dead"	en	2015-11-29	37|27	false
372097	"Der verlorene Bruder"	de	2015-12-09	18	false
371801	"Trigger Point"	es	2015-12-09	53	false
372665	"A Christmas Truce"	en	2015-12-01	10752|18|10749	false
371467	"Nomad's Land"	en	2015-12-02		false
324183	"Must alpinist"	et	2015-11-27		false
370523	"Once and Forever"	en	2015-12-01		false
373630	"Print Your Guy"	en	2015-12-08	16	false
370642	"Paul Chowdhry - PC's World"	en	2015-11-30		false
269585	"Mañana Psicotrópica"	en	2015-12-01		false
369063	"Beverly Hills Christmas"	en	2015-12-06		false
369533	"Adele at the BBC"	en	2015-11-20	10770|99|10402	false
373977	"Childhood's End"	en	2015-12-14	53|10770|878|18	false
370641	"Henning Wehn: Eins, Zwei, DIY"	en	2015-11-30		false
372211	"Off the Menu: Asian America"	en	2015-12-08	99	false
368836	"Can You Dig This"	en	2015-12-01		false
372945	"Daringbaaz Khiladi 2"	hi	2015-12-01	28	false
372583	"Thicker Than Water"	en	2015-12-02	99	false
370361	"Jinx"	en	2015-12-02	35	false
371195	"50mm HelloGreedo"	en	2015-12-01		false
370784	"When AIDS Was Funny"	en	2015-12-01		false
369014	"WWE Survivor Series 2015"	en	2015-11-22		false
363185	"Mastizaade"	hi	2015-12-04		false
371942	"Le nozze di Laura"	it	2015-12-08	18|10770	false
372318	"Jeremy Demay - Ça arrête pu d'bien aller!"	fr	2015-12-08		false
355066	"Kötü Kedi Şerafettin"	tr	2015-11-27	16	false
370152	"Night Cries"	en	2015-11-27		false
370535	"Dohrnii"	en	2015-11-26	35|878|53	false
371634	"The Numberlys"	en	2015-12-05	16	false
372939	"AAW Pro Wrestling - Windy City Classic XI"	en	2015-11-28		false
325758	"I Am Thor"	en	2015-11-20	99	false
371229	"Borders"	en	2015-11-27		false
371384	"I'm Not in Love: The Story of 10cc"	en	2015-12-04	10770|99|10402	false
370731	"White Raven"	en	2015-11-29		false
370964	"Он - дракон"	ru	2015-12-03	10749|12|14	false
373927	"Arnaud Ducret Vous Fait Plaisir"	fr	2015-11-24	35	false
370526	"Refugee: The Eritrean Exodus"	en	2015-11-29		false
364761	"4 Könige"	de	2015-12-03	35|18	false
369415	"Australiens"	en	2015-11-28	35|878	false
371519	"Lens"	en	2015-12-07		false
372345	"Ozhivudivasathe Kali"	ml	2015-12-07		false
349197	"Uppu Karuvadu"	ta	2015-11-27	18|35	false
284271	"Endurance: The Story of Ernest Shackleton"	en	2015-11-21	36|28|12|18	false
371743	"Sophie and the Rising Sun"	en	2016-01-01		false
363992	"The Wizard of Lies"	en	2016-01-01	18	false
331836	"Babysitting 2"	fr	2015-12-02	35	false
32471	"Mixtape"	en	2016-01-01	35	false
371779	"Feelings Are Facts: The Life of Yvonne Rainer"	en	2015-12-12		false
372906	"Star Wars: A Definitive History"	en	2015-12-11	99	false
366630	"The Bridge"	en	2015-12-06	10770	false
371445	"As You Are"	en	2016-01-01		false
372511	"Tohu Bohu"	es	2015-12-14		false
371068	"This Was Tomorrow"	en	2015-12-01	10402	false
373433	"Chica Muerte vs. Niño Cuchillo"	es	2015-12-15		false
325373	"Two Lovers and a Bear"	en	2016-01-01	10749|18	false
324807	"A Bigger Splash"	en	2015-11-26	9648|80|18	false
352806	"Slaw"	en	2016-01-01		false
365958	"Stano"	en	2016-01-01		false
296271	"Devil"	en	2016-01-01	18	false
372855	"Kubanisch für Fortgeschrittene"	de	2015-12-13	35|10751	false
367220	"The Blob"	en	2016-01-01		false
272787	"How To Build a Time Machine"	en	2016-01-01		false
363085	"O Leão da Estrela"	pt	2015-11-26	35	false
356182	"The Blue Mauritius"	de	2016-01-01	12|28	false
370042	"Neben der Spur - Todeswunsch"	de	2016-01-01	53	false
359372	"Seizure"	es	2016-01-01	18	false
364780	"Amores santos"	es	2016-01-01		false
368629	"Offline"	de	2016-01-01	35	false
346238	"Männertag"	de	2016-01-01	35	false
356181	"Solo für Weiss"	de	2016-01-01	53	false
359117	"Santa Monica"	pt	2016-01-01	18	false
356270	"La corona partida"	es	2016-01-01	36|18	false
356272	"Pregau"	de	2016-01-01	80	false
367915	"Cinemagia – A História das Videolocadoras"	pt	2016-01-01	99	false
332083	"Urumeen"	en	2015-12-04	28|14|53	false
369165	"The Ties That Bind"	en	2015-11-27		false
373804	"\"Mein Kampf\". Das gefährliche Buch"	de	2015-12-15	99	false
310568	"Sangailės vasara"	lt	2015-11-20	10749|18	false
359805	"21 nuits avec Pattie"	fr	2015-11-25	18	false
372252	"The Ultimate Fighter 22 Finale"	en	2015-12-11		false
334557	"踏血尋梅"	cn	2015-12-05	53	false
365118	"Moo Moo and the Three Witches"	en	2015-12-06	10751|12	false
370234	"Dementia"	en	2015-12-04		false
371074	"Aus dem Abseits"	de	2015-12-03	99	false
369721	"Vozerio"	en	2015-11-23		false
367417	"クズとブスとゲス"	ja	2015-11-22	18|35	false
372487	"John Truth"	en	2015-12-05	53|18	false
291863	"Future Shock! The Story of 2000AD"	en	2015-12-04	99	false
333981	"Creeper"	en	2015-12-01	53|27	false
336759	"Gwapa"	en	2015-12-01		false
370695	"About Heaven"	en	2015-11-22		false
366455	"East Side Story"	en	2015-11-24	28|12|80	false
370069	"Thiruttu Rail"	ta	2015-12-04	35|28|10749	false
327253	"The Gracefield Incident"	en	2015-12-01	27|878|28	false
372708	"CZW Night of Infamy"	en	2015-11-21		false
357405	"ガールズ&パンツァー 劇場版"	ja	2015-11-21	28|16|35	false
370762	"Carnival of Shadows"	en	2015-11-21		false
369514	"O que eu poderia ser se eu fosse"	en	2015-11-21		false
370824	"Black Tape"	en	2015-12-03		false
370578	"blackface"	en	2015-12-01		false
370949	"Mark & Russell's Wild Ride"	en	2015-11-23		false
371189	"Mr. Hu en de tempel"	nl	2015-11-20	99	false
370578	"blackface"	en	2015-12-01		false
370949	"Mark & Russell's Wild Ride"	en	2015-11-23		false
371189	"Mr. Hu en de tempel"	nl	2015-11-20	99	false
323561	"Bad Apple"	en	2015-12-01		false
370479	"Sophelikoptern"	sv	2015-11-23		false
372075	"Paradise Lost: Symphony for the Lost"	en	2015-11-20	10402	false
369865	"Chhello Divas"	gu	2015-11-20	35	false
361524	"Σύμπτωμα"	el	2015-11-19	18	false
369124	"陪安东尼度过漫长岁月"	zh	2015-11-20		false
365397	"Sonata per a violoncel"	ca	2015-11-20	18	false
366390	"Kraftklub - Randale"	de	2015-11-20	10402	false
370701	"Remember Your Name, Babylon"	en	2015-11-20		false
369326	"Masse"	en	2015-11-20		false
75619	"Pato Fu - Música de Brinquedo - Ao Vivo"	pt	2015-11-17		false
368585	"Snap"	en	2015-11-26	18	false
342061	"Chris Ramsey Live: All Growed Up"	en	2015-11-30	35	false
372119	"DVD1 - Live in Deutschland (Frei.Wild Opposition Extreme Edition)"	de	2015-12-04		false
366232	"Eroddity(s) 2"	en	2015-11-24	27|18	false
371153	"Dügün Dernek 2: Sünnet"	tr	2015-12-04		false
372122	"DVD2 - Roadmovie (Frei.Wild Opposition Extreme Edition)"	de	2015-12-04		false
369588	"Wang Fam"	en	2015-11-18	35|27	false
371490	"Vánoční Kameňák"	cs	2015-12-03	35	false
370358	"Child Haus"	en	2015-11-18	18	false
370344	"Night and Day"	en	2015-11-22	99	false
370097	"Stormageddon"	en	2015-11-18		false
365651	"Minutes to Midnight"	en	2015-11-27	27	false
373244	"TZN - Lo Stadio Tour 2015"	it	2015-11-30	10402	false
368025	"消失的兇手"	zh	2015-12-03	9648	false
370982	"Un posto sicuro"	it	2015-12-03	18	false
371046	"Der Tote am Teich"	de	2015-12-03	80	false
370980	"Chiamatemi Francesco"	it	2015-12-03	18	false
370990	"The Day They Dropped The Bomb"	pt	2015-12-03	99	false
372390	"Une histoire d'âme"	fr	2015-12-03	18	false
371879	"Beyond"	en	2015-12-03		false
368374	"Mia madre fa l'attrice"	it	2015-11-21		false
363484	"Angel of Christmas"	en	2015-11-29	10751|10770	false
320004	"Nobody Wants the Night"	en	2015-11-27	18	false
358922	"Being AP"	en	2015-11-23	99	false
371553	"Jurassic: Dinosaurs are Young"	en	2015-12-01	99	false
369764	"Ausma"	en	2015-11-20		false
366617	"Blood Hunt"	en	2015-11-28	27	false
369912	"A Night of Horror Volume 1"	en	2015-11-26	27	false
354301	"Unter der Haut"	de	2015-12-02	18	false
371142	"Jedes Kind ist einzigartig"	de	2015-12-02	99	false
369690	"Eric & \"Anna\""	en	2015-11-19	99	false
370525	"Andy Parsons: Live and Unleashed But Naturally Cautious"	en	2015-11-30		false
370067	"Santhithen Unnai"	ta	2015-11-27	10749|27	false
370080	"Uno per tutti"	it	2015-11-26		false
373895	"Kenneth Branagh Theatre Company's the Winter's Tale"	en	2015-11-26		false
357422	"Zeit der Reife"	de	2015-12-01	35	false
371572	"Im Derby Dreieck"	de	2015-12-01		false
364748	"The Spot"	en	2015-11-30	18|35	false
359807	"Chico - Artista Brasileiro"	pt	2015-11-26	99	false
357868	"Fluid Boy"	en	2015-11-29	27	false
369385	"De man van Pruimenbloesem"	nl	2015-11-27	99	false
372709	"Rosalía, Una abeja más de la colmena"	es	2015-12-01		false
365762	"Angels in the Snow"	en	2015-11-22	18|10751	false
370553	"El colibrí"	es	2015-11-30	99	false
373213	"このミステリーがすごい! ベストセラー作家からの挑戦状 II"	ja	2015-11-30		false
370558	"Next"	es	2015-11-30		false
373067	"消失的凶手"	zh	2015-11-27	80|28|9648	false
372126	"Tomie Ohtake"	en	2015-12-10		false
372006	"Moses und Aron"	en	2015-12-10		false
373857	"타투"	ko	2015-12-10	53|80	false
373860	"타이밍"	ko	2015-12-10	9648	false
371242	"Heavenly Bodies"	en	2015-12-05		false
343411	"I Call First"	en	2015-12-10	18	false
371916	"Frankenstein 04155"	es	2015-12-10	99	false
371910	"En Granada es posible"	es	2015-12-10	99	false
371695	"Owen: Hart of Gold"	en	2015-12-08	99	false
348150	"Jim Henson’s Turkey Hollow"	en	2015-11-21	10770|35	false
360604	"Ice Sculpture Christmas"	en	2015-11-26	10749|10770	false
369982	"Mga Kwentong Tsubibo"	en	2015-11-28		false
372412	"Kreuz des Südens"	de	2015-12-11		false
367513	"Chemsex"	en	2015-11-23		false
366784	"Hallo Bungalow"	nl	2015-12-03	35	false
372488	"Noresore"	en	2015-12-05		false
366881	"Mega Mindy Versus ROX"	nl	2015-12-09	10751	false
371862	"Naira's Chance"	en	2015-12-09		false
371015	"Demning"	en	2015-12-04		false
357599	"Russell Kane Live"	en	2015-11-30		false
346616	"Tief durchatmen, die Familie kommt"	de	2015-12-01		false
365477	"Em Três Atos"	pt	2015-12-10		false
370260	"Dylan Moran: Off The Hook"	en	2015-11-30	35	false
371908	"Leone nel basilico"	it	2015-12-10		false
371927	"Cascadia"	fr	2015-12-10		false
348325	"Dummie de Mummie en de Sfinx van Shakaba"	nl	2015-12-10	10751	false
371082	"Bianca Del Rio's Rolodex of Hate"	en	2015-12-02	35	false
371511	"Pracht und Prunk an der Loire: Schloss Chambord"	de	2015-12-05	99	false
369665	"Trevor Noah: Lost In Translation"	en	2015-11-22	35	false
370334	"UFC Fight Night: Henderson vs. Masvidal"	en	2015-11-28		false
372720	"Party Animal"	en	2015-12-08		false
362620	"Olentzero eta Amilaren sekretua"	es	2015-12-04	10751|16	false
362383	"The Messenger"	en	2015-12-04		false
372355	"Kalo Pothi"	en	2015-12-09		false
333871	"Imba Means Sing"	en	2015-12-04	99	false
336681	"Morrer por Amor"	pt	2015-12-03	18	false
372449	"Bob's Broken Sleigh"	en	2015-12-01	16	false
370902	"Страна ОЗ"	ru	2015-12-03		false
371592	"Red Hood: The Fallen"	en	2015-11-27		false
372049	"My Friend's Wife"	en	2015-12-03		false
369359	"The Dark Conflict"	en	2015-11-27	53	false
361751	"Murder, She Baked: A Plum Pudding Murder Mystery"	en	2015-11-22	10770|9648	false
370381	"Bullets for the Dead"	en	2015-11-29	37|27	false
372097	"Der verlorene Bruder"	de	2015-12-09	18	false
371801	"Trigger Point"	es	2015-12-09	53	false
372665	"A Christmas Truce"	en	2015-12-01	10752|18|10749	false
371467	"Nomad's Land"	en	2015-12-02		false
324183	"Must alpinist"	et	2015-11-27		false
370523	"Once and Forever"	en	2015-12-01		false
373630	"Print Your Guy"	en	2015-12-08	16	false
370642	"Paul Chowdhry - PC's World"	en	2015-11-30		false
269585	"Mañana Psicotrópica"	en	2015-12-01		false
369063	"Beverly Hills Christmas"	en	2015-12-06		false
369533	"Adele at the BBC"	en	2015-11-20	10770|99|10402	false
373977	"Childhood's End"	en	2015-12-14	53|10770|878|18	false
370641	"Henning Wehn: Eins, Zwei, DIY"	en	2015-11-30		false
372211	"Off the Menu: Asian America"	en	2015-12-08	99	false
368836	"Can You Dig This"	en	2015-12-01		false
372945	"Daringbaaz Khiladi 2"	hi	2015-12-01	28	false
369675	"Checks and Balances"	en	2015-11-20		false
369759	"Blue October: Things We Do At Night (Live From Texas)"	en	2015-11-20	10402	false
369327	"Headed South for Christmas"	en	2015-11-20	18|35	false
369949	"Kumari 21F"	te	2015-11-20	18|10749	false
373838	"Самый лучший день"	ru	2015-12-24		false
370128	"Der nackte Wahnsinn"	de	2015-11-21	35	false
366888	"Vleesverlangen"	nl	2015-11-21	99	false
366513	"Aprendi a Jogar Com Você"	pt	2015-11-19	99	false
369239	"Avalanche"	en	2015-11-19	18	false
369228	"Dobbiamo parlare"	it	2015-11-19	35	false
369230	"Loro chi?"	it	2015-11-19	35	false
370621	"Soledad"	en	2015-11-19		false
369233	"In fondo al bosco"	it	2015-11-19	53|18	false
369242	"Zezé di Camargo e Luciano - Flores em vida ao vivo"	pt	2015-11-19		false
368573	"Né Giulietta, né Romeo"	it	2015-11-19	35	false
368380	"Domian - Interview mit dem Tod"	de	2015-11-19	99	false
372368	"Comme ils respirent"	fr	2015-11-18		false
359294	"Bird of Prey"	nl	2015-11-18	37|16	false
369605	"Sky Line"	en	2015-11-20	99	false
291290	"Submerged"	en	2015-11-27	53|18	false
369373	"Stutterer"	en	2015-12-01		false
340194	"A Year and Change"	en	2015-11-24	35|18	false
229823	"Noel Gallagher: Sitting Here In Silence"	it	2015-12-07	10402	false
368389	"Lo scambio"	it	2015-11-23		false
345908	"Sopladora de hojas (Épica cotidiana en 9 capítulos)"	es	2015-11-29		false
269592	"La maldad"	en	2015-11-30	18	false
371002	"La muerte en la Alcarria"	es	2015-12-01		false
40409	"Acústico MTV - Gal Costa"	pt	2015-11-28		false
324450	"Alexfilm"	en	2015-12-01	99|18	false
370482	"Yes, We Fuck!"	es	2015-12-02		false
373979	"The World's Most Expensive Christmas"	en	2015-12-15	99	false
373981	"The Sabinal Canyon"	en	2015-12-25	99	false
374020	"All You Need Is Pag-ibig"	en	2015-12-25	10749|10751|18	false
374023	"Haunted Mansion"	en	2015-12-25	53|27	false
374003	"Jheronimus Bosch, geraakt door de duivel"	nl	2015-11-20	99	false
374070	"Charli XCX: The F-Word and Me"	en	2015-11-24	99|10402	false
374057	"In Between"	en	2015-12-10	99	false
374060	"Korunní princ"	cs	2015-12-24	12|10751	false
374074	"Nadide Hayat"	tr	2015-12-18	18|35	false
