332502	"400 Days"	en	2016-01-12	9648|53|878	false
325173	"Close Range"	en	2015-12-31	80|28	false
370646	"Sherlock: The Abominable Bride"	en	2016-01-01	18|9648|28|80	false
180863	"Porno"	en	2016-01-01	18	false
122644	"The Prototype"	en	2015-12-31	878	false
327040	"Bang Gang (une histoire d'amour moderne)"	fr	2016-01-13	18	false
255160	"Na mlečnom putu"	en	2015-12-31	18	false
291270	"Anomalisa"	en	2015-12-30	14|16|35	false
299687	"The 5th Wave"	en	2016-01-15	12|878|53	false
323675	"Ride Along 2"	en	2016-01-14	35|28	false
324560	"Brimstone"	en	2016-01-01	53|37|9648	false
300671	"13 Hours: The Secret Soldiers of Benghazi"	en	2016-01-15	53|18|28	false
322548	"Shangri-La Suite"	en	2015-12-31	10749|18|80	false
320147	"Funny Bunny"	en	2015-12-31		false
159822	"Popeye"	en	2016-01-01	16|12	false
168098	"Cell"	en	2016-01-01	27|878	false
281327	"G.I. Joe 3"	en	2016-01-01	878|28|12	false
301348	"Elvis & Nixon"	en	2016-01-01	35	false
333674	"Shut In"	en	2015-12-31	53|18|27	false
370787	"Rite"	en	2015-12-30	12|18|27|53	false
364468	"Seahorse"	en	2015-12-30	35	false
371741	"Ali & Nino"	en	2016-01-01		false
320733	"The Blob"	en	2016-01-01		false
344027	"Beautiful Ruins"	en	2015-12-31		false
366654	"조선마술사"	ko	2015-12-30	36|10749|18	false
339526	"The Land Before Time XIV: Journey of the Brave"	en	2015-12-31	12|16|10751	false
291449	"Police Academy: Next Generation"	en	2016-01-01	35	false
358243	"Ma dar behesht"	fa	2015-12-31		false
352084	"G.O.D. Tech"	en	2015-12-30	53|12	false
344032	"Grasshopper Jungle"	en	2016-01-01	35	false
186759	"Get a Job"	en	2015-12-31	35	false
319301	"Wrestling With Faith"	en	2015-12-31	99	false
321757	"Still Punching the Clown"	en	2015-12-31	35	false
280617	"Space Cop"	en	2015-12-31	35|14|878	false
263508	"Saaindhaadu Saaindhaadu"	ta	2015-12-31	10749	false
333354	"Extortion"	en	2016-01-01	18|12|80	false
315853	"Foujita"	ja	2015-12-31	18|36	false
262494	"Mean Moms"	en	2015-12-31		false
340374	"The Gettysburg Address"	en	2015-12-31	99	false
272676	"Vaaimai"	en	2015-12-31		false
326285	"American Pastoral"	en	2016-01-01	18	false
353569	"Table 19"	en	2016-01-01	18|35	false
317560	"Carrie Pilby"	en	2016-01-01	35	false
370460	"In Memory of"	en	2016-01-01	27	false
327437	"Africa"	en	2016-01-01	18	false
344034	"Monument 14"	en	2016-01-01	12|18|878	false
291984	"The Death and Life of John F. Donovan"	en	2016-01-01	18	false
291328	"Untitled Warren Beatty Project"	en	2016-01-01	18	false
320683	"West of Her"	en	2016-01-01	18	false
302152	"Barton & Charlie & Checco & Bill"	en	2016-01-01		false
344036	"Shadow and Bone"	en	2016-01-01		false
320413	"The Greasy Strangler"	en	2016-01-01	27|53	false
325150	"Housebound"	en	2016-01-01		false
356889	"The Great & The Small"	en	2016-01-01		false
373627	"The Send-Off"	en	2016-01-01	99	false
329992	"Beyond Deceit"	en	2016-01-01	18|53	false
351454	"Neruda"	en	2016-01-01		false
353571	"Tallulah"	en	2016-01-01	18	false
324017	"The Master"	en	2016-01-01		false
341852	"VHS Dream II"	en	2016-01-01	99	false
351744	"Camera Phone 2"	en	2016-01-01	27	false
329440	"The Forest"	en	2016-01-08	27|53	false
338189	"Juste la fin du monde"	fr	2016-01-01	18	false
336354	"L'ascension mechant de madame Jean-Louise"	en	2016-01-01	35	false
349108	"Aztec Warrior"	en	2015-12-31	28|35	false
360799	"Arrowhead"	en	2015-12-31	878|12|9648|28	false
350175	"COMIX: Beyond the Comic Book Pages"	en	2015-12-31	99	false
263504	"Sippai"	ta	2015-12-31	10749	false
369094	"Iraivi"	ta	2015-12-31	10749|28	false
344024	"A Book of Common Prayer"	en	2015-12-31	18	false
300665	"Leatherface"	en	2016-01-01	27	false
339927	"Kevin Hart: What Now?"	en	2016-01-01		false
270776	"Iruvar Ullam"	en	2015-12-31	10751	false
280945	"Nambiar"	en	2015-12-31		false
273878	"Amali Thumali"	en	2015-12-31		false
366925	"Hip Hip Hooray"	en	2015-12-31	18|35	false
355168	"Underground Comedy"	en	2015-12-31	99	false
321679	"The Great Sasuke"	en	2015-12-31	99	false
280173	"Aayirathil Iruvar"	en	2015-12-31		false
326381	"Fado"	en	2015-12-31		false
324515	"Blackbird"	en	2015-12-31		false
280049	"Saahasam"	ta	2015-12-31	35|10749|28	false
260625	"Uyir Mozhi"	ta	2015-12-31		false
273872	"Ula"	en	2015-12-31		false
344025	"Americanah"	en	2015-12-31	10749|18	false
339397	"Untitled Woody Allen Project"	en	2016-01-01	35	false
280167	"Taramani"	ta	2015-12-31		false
340481	"La Fille Inconnue"	fr	2016-01-01		false
334517	"Jadotville"	en	2016-01-01	53|18	false
359053	"Don't Fuck in the Woods"	en	2016-01-02		false
317640	"Mary Shelley's Monster"	en	2015-12-31	18	false
357308	"O, Brazen Age"	en	2015-12-31		false
315649	"Flashmob"	en	2016-01-01	18	false
324465	"Até Que a Sorte Nos Separe 3"	pt	2015-12-31	35	false
349204	"Naan Thaan Siva"	en	2015-12-31		false
362676	"Douglas Brown"	en	2015-12-31	53	false
363313	"Paambhu Sattai"	ta	2015-12-31	10749|35|18	false
368589	"Inside Job"	en	2015-12-31	35	false
370629	"A Strange Love Affair With Ego"	en	2015-12-31	99	false
280953	"Konjam Koffee Konjam Kaadhal"	en	2015-12-31		false
263506	"Pencil"	ta	2015-12-31	10749	false
351360	"Backwards"	sv	2015-12-31	10749|878|53	false
345907	"Epitafio"	es	2015-12-31		false
280146	"Vasantha Kumaran"	en	2015-12-31		false
263486	"Machan"	si	2015-12-31	10749	false
260658	"Vizhithiru"	en	2015-12-31		false
280946	"Mappilai Vinayagar"	en	2015-12-31		false
356183	"Der Puppenspieler"	de	2015-12-31	36	false
347386	"Treppe aufwärts"	de	2015-12-31	18	false
301502	"Blonde"	en	2016-01-01	18	false
339259	"HHHH"	en	2016-01-01	53|28|36	false
215059	"The Imagineering Story"	en	2016-01-01	99	false
326285	"American Pastoral"	en	2016-01-01	18	false
353569	"Table 19"	en	2016-01-01	18|35	false
317560	"Carrie Pilby"	en	2016-01-01	35	false
370460	"In Memory of"	en	2016-01-01	27	false
327437	"Africa"	en	2016-01-01	18	false
300672	"Vincent-N-Roxxy"	en	2015-12-31	53|80|18	false
333370	"Lemonade"	en	2015-12-31	10749|35	false
336810	"Eggs and Soldiers"	en	2015-12-31	18	false
344034	"Monument 14"	en	2016-01-01	12|18|878	false
291984	"The Death and Life of John F. Donovan"	en	2016-01-01	18	false
291328	"Untitled Warren Beatty Project"	en	2016-01-01	18	false
320683	"West of Her"	en	2016-01-01	18	false
348656	"Sensoria"	en	2015-12-31	53|18|27	false
333676	"The List"	en	2015-12-31	10749|35	false
302152	"Barton & Charlie & Checco & Bill"	en	2016-01-01		false
344036	"Shadow and Bone"	en	2016-01-01		false
320413	"The Greasy Strangler"	en	2016-01-01	27|53	false
360389	"Nina"	en	2015-12-31	18	false
325150	"Housebound"	en	2016-01-01		false
79355	"Arjunan Kadhali"	ta	2015-12-31	18	false
334543	"Lion"	en	2015-12-31	18	false
349200	"Zero"	en	2015-12-31		false
356889	"The Great & The Small"	en	2016-01-01		false
373627	"The Send-Off"	en	2016-01-01	99	false
315666	"Walking to Paris"	en	2015-12-31	18|12	false
329992	"Beyond Deceit"	en	2016-01-01	18|53	false
352548	"5th Passenger"	en	2015-12-31	878	false
351454	"Neruda"	en	2016-01-01		false
353571	"Tallulah"	en	2016-01-01	18	false
324017	"The Master"	en	2016-01-01		false
341852	"VHS Dream II"	en	2016-01-01	99	false
358395	"Origin Story"	en	2015-12-31	99	false
353170	"The Claw"	en	2015-12-31	99	false
350600	"We Three Heathens"	en	2015-12-31		false
270780	"Mellisai"	ta	2015-12-31	53	false
349740	"Kanithan"	en	2015-12-31		false
302808	"Wrestling with Disaster"	en	2015-12-31	99	false
290079	"Paranormal Activity Security Squad"	en	2015-12-31		false
317091	"November Criminals"	en	2016-01-01	18|80	false
373960	"Pension Complète"	fr	2015-12-30	35	false
332283	"A Storm in the Stars"	en	2016-01-01	10749|18	false
363056	"Miles"	en	2016-01-01	18	false
356184	"Kaltfront"	de	2015-12-31	18	false
342424	"Copygate"	sv	2016-01-01	99	false
347601	"Böser Wolf"	de	2015-12-31	80	false
354300	"Zweimal zweites Leben"	de	2015-12-31	18	false
280152	"Vaaliba Raja"	en	2015-12-31	10749|35	false
342344	"Flickan Mamman och Demonerna"	sv	2016-01-01	18	false
369669	"Sketches of Siberia"	nl	2016-01-14	99	false
373945	"The Illinois Parables"	en	2016-01-22		false
371914	"When Black Birds Fly"	en	2016-01-15	16|27	false
368590	"Toxic Tutu"	en	2016-01-15	27	false
370788	"Pichaikaran"	ta	2016-01-15	18|28|10749	false
373072	"Tickled"	en	2016-01-21	99	false
369860	"Bibi & Tina: Mädchen gegen Jungs"	en	2016-01-21		false
371618	"Im Winter, So Schön"	de	2016-01-22	35|80	false
331962	"Exposed"	en	2016-01-22	18	false
330333	"La Fille du patron"	fr	2016-01-06	10749|35|18	false
354287	"War Machine"	en	2016-01-01	35	false
317943	"Yo No Soy Guerrillero"	en	2016-01-01		false
354297	"Мафия"	ru	2016-01-01		false
374088	"Woezel & Pip Op zoek naar de Sloddervos!"	nl	2016-01-20	10751|16	false
366977	"Es ist doch nur Liebe"	de	2015-12-31	18	false
356586	"Real Fight"	de	2015-12-31	28	false
347197	"Das Kloster bleibt im Dorf"	de	2015-12-31	35	false
332872	"Julieta"	es	2016-01-01	18	false
371182	"Garage Sale Mystery: Guilty Until Proven Innocent"	en	2016-01-03	9648	false
353573	"Young Americans"	en	2016-01-01	35	false
366644	"Xiao men shen"	zh	2016-01-01	10751|14|16	false
370765	"Jessica Darling's It List"	en	2016-01-01		false
323262	"Holidays"	en	2016-01-01	27	false
296360	"Love and Friendship"	en	2016-01-01	10749|18	false
368031	"Friend Request"	en	2016-01-07	27|53	false
325148	"Mother"	en	2016-01-01		false
351474	"Katie Fforde: Entscheidung am Meer"	de	2016-01-01	18	false
325789	"The Infiltrator"	en	2016-01-01	18|80	false
371743	"Sophie and the Rising Sun"	en	2016-01-01		false
363992	"The Wizard of Lies"	en	2016-01-01	18	false
32471	"Mixtape"	en	2016-01-01	35	false
371445	"As You Are"	en	2016-01-01		false
325373	"Two Lovers and a Bear"	en	2016-01-01	10749|18	false
352806	"Slaw"	en	2016-01-01		false
367220	"The Blob"	en	2016-01-01		false
272787	"How To Build a Time Machine"	en	2016-01-01		false
356182	"The Blue Mauritius"	de	2016-01-01	12|28	false
370042	"Neben der Spur - Todeswunsch"	de	2016-01-01	53	false
364780	"Amores santos"	es	2016-01-01		false
359372	"Seizure"	es	2016-01-01	18	false
368629	"Offline"	de	2016-01-01	35	false
346238	"Männertag"	de	2016-01-01	35	false
356181	"Solo für Weiss"	de	2016-01-01	53	false
359117	"Santa Monica"	pt	2016-01-01	18	false
356270	"La corona partida"	es	2016-01-01	36|18	false
356272	"Pregau"	de	2016-01-01	80	false
367915	"Cinemagia – A História das Videolocadoras"	pt	2016-01-01	99	false
372756	"ガラスの花と壊す世界"	ja	2016-01-09	878|16	false
370365	"Skjærgården"	no	2016-01-08	27	false
308409	"Kollektivet"	da	2016-01-14	18	false
302528	"Remember"	en	2016-01-15	18	false
357786	"傷物語　第一部〈Ⅰ鉄血篇〉"	ja	2016-01-08	28|16|9648	false
333675	"Band of Robbers"	en	2016-01-15	12|35|80|53	false
335766	"Families"	en	2016-01-08	27	false
276905	"Norm of the North"	en	2016-01-14	12|16|35|10751	false
361255	"Je vous souhaite d'être follement aimée"	fr	2016-01-13	18	false
364160	"Caged No More"	en	2016-01-15	28|18|53	false
368230	"Miruthan"	ta	2016-01-14	10749|28|53	false
370076	"Theri"	ta	2016-01-14	10749|28	false
348236	"The Musk"	en	2016-01-12	27	false
365187	"నాన్నకు ప్రేమతో"	te	2016-01-08	10749|28	false
367179	"Oru Naal Koothu"	ta	2016-01-15	18|10749	false
370133	"Deimosimine"	en	2016-01-14	27	false
368006	"24"	ta	2016-01-14	28	false
367756	"Thirunaal"	ta	2016-01-14	10749|28	false
337708	"Vai que Dá Certo 2"	pt	2016-01-07	35	false
335777	"The Nut Job 2"	en	2016-01-15	10751|16|12|35	false
363969	"Moje córki krowy"	pl	2016-01-15	18|35	false
344528	"The Carnage Collection: Malevolence"	en	2016-01-15	27	false
369773	"House of Time"	fr	2016-01-13	53|14|35	false
369464	"Mon maître d'école"	fr	2016-01-13	99	false
372288	"Gut zu Vögeln"	en	2016-01-14	10749|35	false
371181	"Murder, She Baked: A Peach Cobbler Mystery"	en	2016-01-10	10770|9648	false
372058	"Kimi no Na wa."	en	2016-01-08	14|18|10749	false
370765	"Jessica Darling's It List"	en	2016-01-01		false
323262	"Holidays"	en	2016-01-01	27	false
296360	"Love and Friendship"	en	2016-01-01	10749|18	false
368031	"Friend Request"	en	2016-01-07	27|53	false
325148	"Mother"	en	2016-01-01		false
351474	"Katie Fforde: Entscheidung am Meer"	de	2016-01-01	18	false
325789	"The Infiltrator"	en	2016-01-01	18|80	false
371743	"Sophie and the Rising Sun"	en	2016-01-01		false
363992	"The Wizard of Lies"	en	2016-01-01	18	false
32471	"Mixtape"	en	2016-01-01	35	false
371445	"As You Are"	en	2016-01-01		false
325373	"Two Lovers and a Bear"	en	2016-01-01	10749|18	false
352806	"Slaw"	en	2016-01-01		false
365958	"Stano"	en	2016-01-01		false
296271	"Devil"	en	2016-01-01	18	false
367220	"The Blob"	en	2016-01-01		false
272787	"How To Build a Time Machine"	en	2016-01-01		false
356182	"The Blue Mauritius"	de	2016-01-01	12|28	false
370042	"Neben der Spur - Todeswunsch"	de	2016-01-01	53	false
368629	"Offline"	de	2016-01-01	35	false
368590	"Toxic Tutu"	en	2016-01-15	27	false
370788	"Pichaikaran"	ta	2016-01-15	18|28|10749	false
330333	"La Fille du patron"	fr	2016-01-06	10749|35|18	false
354287	"War Machine"	en	2016-01-01	35	false
317943	"Yo No Soy Guerrillero"	en	2016-01-01		false
354297	"Мафия"	ru	2016-01-01		false
374088	"Woezel & Pip Op zoek naar de Sloddervos!"	nl	2016-01-20	10751|16	false
